,Heartrate,TotalSteps,sleepMin,Label
0,64.86376812,8328,528,Low
1,61.05882353,8328,528,Low
2,59.72093023,8328,528,Low
3,58.93510324,8328,528,Low
4,58.59011628,8328,528,Low
5,60.11076923,8328,528,Low
6,66.85542169,8328,528,Low
7,83.63655914,8328,528,LowA
8,78.60348584,8328,528,Meduim
9,69.95275591,8328,528,Low
10,69.05011933,8328,528,Low
11,66.42257218,8328,528,Low
12,66.72093023,8328,528,Low
13,79.20560748,8328,528,Meduim
14,72.12171838,8328,528,Low
15,70.55023923,8328,528,Low
16,69.67228916,8328,528,Low
17,64.28292683,8328,528,Low
18,73.37892377,8328,528,Meduim
19,69.44132653,8328,528,Low
20,73.83816425,8328,528,Meduim
21,65.49077491,8328,528,Low
22,70.43882979,8328,528,Low
23,69.5379538,12409,388,Low
24,69.03858521,12409,388,Low
25,68.93333333,12409,388,Low
26,66.56586826,12409,388,Low
27,66.82568807,12409,388,Low
28,65.31438127,12409,388,Low
29,74.52941176,12409,388,Low
30,77.49616368,12409,388,Low
31,68.11504425,12409,388,Low
32,65.80719794,12409,388,Low
33,65.05263158,12409,388,Low
34,71.28676471,12409,388,Low
35,72.78337531,12409,388,Low
36,63.82507289,12409,388,Low
37,65.89784946,12409,388,Low
38,85.52877698,12409,388,LowA
39,113.7515873,12409,388,LowA
40,76.75837321,12409,388,Low
41,86.52980132,12409,388,LowA
42,82.98076923,12409,388,LowA
43,72.69436997,12409,388,Low
44,70.28971963,12409,388,Low
45,68.81491713,12409,388,Low
46,65.98901099,12409,388,Low
47,53.63609467,10461,413,Low
48,49.85207101,10461,413,Low
49,48.60681115,10461,413,Low
50,46.48632219,10461,413,Low
51,46.70121951,10461,413,Low
52,58.96601942,10461,413,Low
53,89.10429448,10461,413,LowA
54,69.6314433,10461,413,Low
55,62.06366048,10461,413,Low
56,69.17962466,10461,413,Low
57,66.10386473,10461,413,Low
58,84.46370023,10461,413,LowA
59,59.63943662,10461,413,Low
60,57.95518207,10461,413,Low
61,54.96590909,10461,413,Low
62,55.83333333,10461,413,Low
63,58.65116279,10461,413,Low
64,66.47016706,10461,413,Low
65,60.90225564,10461,413,Low
66,115.31818179999999,10461,413,LowA
67,73.91139241,10461,413,Low
68,63.31016043,10461,413,Low
69,53.91772152,10461,413,Low
70,52.77887789,10461,413,Low
71,63.49833887,10467,536,Low
72,60.42361111,10467,536,Low
73,61.48494983,10467,536,Low
74,62.89096573,10467,536,Low
75,59.29870129999999,10467,536,Low
76,61.1910828,10467,536,Low
77,60.07911392,10467,536,Low
78,62.328125,10467,536,Low
79,61.7721519,10467,536,Low
80,76.67040359,10467,536,Low
81,91.94402985,10467,536,LowA
82,80.23076923,10467,536,LowA
83,107.99550559999999,10467,536,LowA
84,75.31367292,10467,536,Low
85,67.26162791,10467,536,Low
86,76.06870229,10467,536,Low
87,76.65929204,10467,536,Low
88,75.54605263,10467,536,Low
89,75.41012658,10467,536,Low
90,77.36658354,10467,536,Low
91,86.80519481,10467,536,LowA
92,75.10126582,10467,536,Low
93,72.75725594,10467,536,Low
94,70.72413793,10467,536,Low
95,62.26356589,1229,568,Meduim
96,70.84883721,1229,568,Meduim
97,69.66666667,1229,568,Meduim
98,70.76993865,15459,458,Low
99,76.60946746,15459,458,Low
100,77.33114754,15459,458,Low
101,75.33923304,15459,458,Low
102,70.66369048,15459,458,Low
103,70.25730994,15459,458,Low
104,70.80246914,15459,458,Low
105,68.74117647,15459,458,Low
106,73.34278959999999,15459,458,Low
107,84.85208333,15459,458,LowA
108,113.7022375,15459,458,LowA
109,84.11883408,15459,458,LowA
110,82.87261146,15459,458,LowA
111,79.87323944,15459,458,LowA
112,81.81670534,15459,458,LowA
113,81.86089239,15459,458,LowA
114,86.40506329,15459,458,LowA
115,88.90380762,15459,458,LowA
116,87.12421053,15459,458,LowA
117,78.80348259,15459,458,LowA
118,82.49643705,15459,458,LowA
119,85.00450450000001,15459,458,LowA
120,75.73170732,15459,458,Low
121,73.16129032,15459,458,Low
122,69.14782609,19658,556,Low
123,62.09455587,19658,556,Low
124,62.38575668,19658,556,Low
125,60.53030303,19658,556,Low
126,56.80606061,19658,556,Low
127,58.88252149,19658,556,Low
128,59.37393768,19658,556,Low
129,62.86058981,19658,556,Low
130,86.78854626,19658,556,LowA
131,92.15139442,19658,556,LowA
132,91.51291513,19658,556,LowA
133,90.00186916,19658,556,LowA
134,91.92948718,19658,556,LowA
135,96.46341463,19658,556,LowA
136,94.01438849,19658,556,LowA
137,86.80952381,19658,556,LowA
138,94.52857143,1988,464,Meduim
139,93.52857143,1988,464,Meduim
140,92.51162791,1988,464,Meduim
141,85.12931034,1988,464,Meduim
142,82.30254777,1988,464,Meduim
143,81.6994382,1988,464,Meduim
144,79.50862069,1988,464,Meduim
145,85.66755319,1988,464,Meduim
146,88.32160804,1988,464,Meduim
147,90.75,1988,464,Meduim
148,83.92916667,1988,464,Meduim
149,70.0,1988,464,Meduim
150,70.0,1988,464,Meduim
151,70.0,1988,464,Meduim
152,81.14285714,1988,464,Meduim
153,70.66666667,1988,464,Meduim
154,79.5,1988,464,Meduim
155,69.49562682,12437,414,Low
156,68.21301775,12437,414,Low
157,60.95192308,12437,414,Low
158,61.15277778,12437,414,Low
159,59.52698413,12437,414,Low
160,59.82508251,12437,414,Low
161,60.23225806,12437,414,Low
162,59.89935065,12437,414,Low
163,70.24468085,12437,414,Low
164,75.71827411,12437,414,Low
165,66.46760563,12437,414,Low
166,114.4412983,12437,414,LowA
167,95.93961353,12437,414,LowA
168,77.86821705,12437,414,Low
169,73.98882682,12437,414,Low
170,77.84073107,12437,414,Low
171,104.27446809999999,12437,414,LowA
172,83.27160494,12437,414,LowA
173,87.31701031,12437,414,LowA
174,76.27604167,12437,414,Low
175,74.46963563,12437,414,Low
176,69.52556818,12437,414,Low
177,70.27671233,12437,414,Low
178,66.2767624,12437,414,Low
179,80.0,10976,68,High
180,95.38761468,10976,68,High
181,70.592,10976,68,High
182,82.85202864,10976,68,High
183,106.1719858,10976,68,High
184,106.49790790000002,10976,68,High
185,94.48809524,10976,68,High
186,88.64814815,10976,68,High
187,85.37564767,10976,68,High
188,76.25368732,10976,68,High
189,74.08823529,10976,68,High
190,77.8102981,10976,68,High
191,81.37817259,10976,68,High
192,86.69613259999998,10976,68,High
193,69.97681159,10976,68,High
194,68.78208955,10976,68,High
195,69.66871166,7485,477,Meduim
196,68.83174603,7485,477,Meduim
197,66.38278932,7485,477,Meduim
198,65.55016181,7485,477,Meduim
199,64.6416185,7485,477,Low
200,62.30246914,7485,477,Low
201,62.03151862,7485,477,Low
202,63.71559633,7485,477,Low
203,77.0310559,7485,477,Meduim
204,78.47513812,7485,477,Meduim
205,73.74311927,7485,477,Meduim
206,81.53004292,7485,477,Meduim
207,70.95755968,7485,477,Meduim
208,77.67076167,7485,477,Meduim
209,73.44366197,7485,477,Meduim
210,83.40855107,7485,477,LowA
211,96.75342466,7485,477,LowA
212,77.8847185,7485,477,Meduim
213,81.32489451,7485,477,Meduim
214,81.88683128,7485,477,Meduim
215,79.82045455,7485,477,Meduim
216,78.36220472,7485,477,Meduim
217,71.73442623,7485,477,Meduim
218,68.31446541,7485,477,Meduim
219,68.01685393,6176,363,Meduim
220,70.04142012,6176,363,Meduim
221,68.01704545,6176,363,Meduim
222,65.55428571,6176,363,Meduim
223,66.63392857,6176,363,Meduim
224,85.23972603,6176,363,LowA
225,77.34246575,6176,363,Meduim
226,76.2005277,6176,363,Meduim
227,70.22192513,6176,363,Meduim
228,67.11764706,6176,363,Meduim
229,76.99615385,6176,363,Meduim
230,80.31400966,6176,363,Meduim
231,81.28,6176,363,Meduim
232,94.152019,6176,363,LowA
233,85.40105541,6176,363,LowA
234,81.01970443,6176,363,Meduim
235,79.82897862,6176,363,Meduim
236,82.25628141,6176,363,Meduim
237,70.85310734,6176,363,Meduim
238,73.47135417,6176,363,Meduim
239,55.15151515,1515,750,Meduim
240,57.69131833,1515,750,Meduim
241,59.07491857,1515,750,Meduim
242,57.91821561,1515,750,Meduim
243,59.85972851,1515,750,Meduim
244,58.53703704,1515,750,Meduim
245,57.61111111,1515,750,Meduim
246,60.2962963,1515,750,Meduim
247,69.42533937,1515,750,Meduim
248,64.83646113,1515,750,Meduim
249,69.25252525,1515,750,Meduim
250,65.27322404,1515,750,Meduim
251,67.77777778,1515,750,Meduim
252,63.93063584,1515,750,Meduim
253,58.45317221,1515,750,Meduim
254,58.22977346,1515,750,Meduim
255,49.47289157,9917,352,Low
256,49.81350482,9917,352,Low
257,53.91919192,9917,352,Low
258,50.205696200000006,9917,352,Low
259,50.43428571,9917,352,Low
260,64.56629834,9917,352,Low
261,77.66925065,9917,352,Low
262,67.93717277,9917,352,Low
263,55.37393768,9917,352,Low
264,60.71787709,9917,352,Low
265,76.01324503,9917,352,Low
266,69.90556901,9917,352,Low
267,62.01041667,9917,352,Low
268,61.25307125,9917,352,Low
269,60.43352601,9917,352,Low
270,78.1814059,9917,352,Low
271,113.171875,9917,352,LowA
272,78.2875,9917,352,Low
273,72.14117647,9917,352,Low
274,72.30994152,9917,352,Low
275,57.65889213,9917,352,Low
276,57.92836676,9917,352,Low
277,48.70322581,9917,352,Low
278,53.83939394,9917,352,Low
279,63.16905444,12307,496,Low
280,60.52233677,12307,496,Low
281,63.02786378,12307,496,Low
282,63.02236422,12307,496,Low
283,63.7781457,12307,496,Low
284,63.48675497,12307,496,Low
285,60.93617021,12307,496,Low
286,63.37658228,12307,496,Low
287,63.06134969,12307,496,Low
288,83.79411765,12307,496,LowA
289,85.78072289,12307,496,LowA
290,78.85569620000001,12307,496,LowA
291,76.35162095,12307,496,Low
292,79.88221709,12307,496,LowA
293,78.18015666,12307,496,Low
294,73.41498559,12307,496,Low
295,94.73361522,12307,496,LowA
296,94.52290076,12307,496,LowA
297,80.91293532,12307,496,LowA
298,89.13908873,12307,496,LowA
299,84.32653061,12307,496,LowA
300,74.96655518,12307,496,Low
301,66.86206897,12307,496,Low
302,89.52263374,16806,72,High
303,103.6756757,16806,72,High
304,114.28200000000001,16806,72,High
305,128.6074074,16806,72,High
306,86.56675063,16806,72,High
307,88.5743073,16806,72,High
308,84.42023346,16806,72,High
309,70.94985251,16806,72,High
310,72.28032345,16806,72,High
311,78.45821326,16806,72,High
312,97.46462264,16806,72,High
313,92.18974359,16806,72,High
314,93.07253886,16806,72,High
315,75.79508197,16806,72,High
316,69.58308157,16806,72,High
317,75.56119403,7238,516,Meduim
318,78.56957929,7238,516,Meduim
319,78.26988636,7238,516,Meduim
320,80.91369048,7238,516,Meduim
321,76.66769231,7238,516,Meduim
322,65.72079772,7238,516,Meduim
323,60.42813456,7238,516,Meduim
324,61.81388889,7238,516,Meduim
325,57.12609971,7238,516,Meduim
326,74.76349614,7238,516,Meduim
327,94.60141509,7238,516,LowA
328,85.74271845,7238,516,LowA
329,82.56008584,7238,516,Meduim
330,84.58560311,7238,516,LowA
331,79.78539823,7238,516,Meduim
332,88.33189655,7238,516,LowA
333,76.99492386,7238,516,Meduim
334,79.33558559,7238,516,Meduim
335,84.95035461,7238,516,LowA
336,90.01106195,7238,516,LowA
337,81.34096692,7238,516,Meduim
338,81.38131313,7238,516,Meduim
339,74.54495913,7238,516,Meduim
340,74.46131805,7238,516,Meduim
341,63.55485893,10254,549,Low
342,64.275,10254,549,Low
343,63.77848101,10254,549,Low
344,62.60252366,10254,549,Low
345,63.27531646,10254,549,Low
346,63.51153846,10254,549,Low
347,68.86833856,10254,549,Low
348,94.96825397,10254,549,LowA
349,81.14442013,10254,549,LowA
350,73.79052369,10254,549,Low
351,71.62052506,10254,549,Low
352,68.90697674,10254,549,Low
353,72.7970297,10254,549,Low
354,83.06237006,10254,549,LowA
355,75.67418546,10254,549,Low
356,70.62568306,10254,549,Low
357,73.12,10254,549,Low
358,73.42231947,10254,549,Low
359,81.35555556,10254,549,LowA
360,77.02619048,10254,549,Low
361,98.10556622,10254,549,LowA
362,101.2193396,10254,549,LowA
363,77.02114804,10254,549,Low
364,75.25423729,10254,549,Low
365,83.68161435,6429,477,Meduim
366,76.33608247,6429,477,Meduim
367,70.53547523,6429,477,Meduim
368,68.18761966,6429,477,Meduim
369,65.76629361,6429,477,Meduim
370,63.40431454,6429,477,Meduim
371,62.77251185,6429,477,Meduim
372,67.94559229,6429,477,Meduim
373,71.40061538,6429,477,Meduim
374,81.67832605,6429,477,Meduim
375,86.4714467,6429,477,LowA
376,83.94490184,6429,477,Meduim
377,83.74480151,6429,477,Meduim
378,88.16760125,6429,477,LowA
379,88.22406384,6429,477,LowA
380,92.50538315,6429,477,LowA
381,93.37639752,6429,477,LowA
382,92.84942529,6429,477,LowA
383,80.87977099,6429,477,Meduim
384,80.86380597,6429,477,Meduim
385,58.01612903,8921,448,Low
386,57.55016181,8921,448,Low
387,57.71518987,8921,448,Low
388,58.64918033,8921,448,Low
389,60.51948052,8921,448,Low
390,58.54019293,8921,448,Low
391,71.60122699,8921,448,Low
392,72.26540284,8921,448,Low
393,64.34482759,8921,448,Low
394,62.64497041,8921,448,Low
395,63.65921788,8921,448,Low
396,63.48991354,8921,448,Low
397,98.78826237,8921,448,LowA
398,95.74273256,8921,448,LowA
399,71.09975062,8921,448,Low
400,68.25,8921,448,Low
401,74.86519608,8921,448,Low
402,74.86700767,8921,448,Low
403,62.26139818,8921,448,Low
404,70.57868020000001,8921,448,Low
405,75.64089776,8921,448,Low
406,71.61518325,8921,448,Low
407,61.24025974,8921,448,Low
408,59.97368421,8921,448,Low
409,53.08176101,7401,453,Low
410,52.46130952,7401,453,Low
411,51.11146497,7401,453,Low
412,49.75757576,7401,453,Low
413,47.1656051,7401,453,Low
414,48.41666667,7401,453,Low
415,90.64615385,7401,453,LowA
416,77.6898263,7401,453,Meduim
417,71.31806616,7401,453,Meduim
418,77.87939698,7401,453,Meduim
419,67.95121951,7401,453,Meduim
420,70.0964467,7401,453,Meduim
421,73.28784119,7401,453,Meduim
422,64.71787709,7401,453,Low
423,60.51704545,7401,453,Low
424,59.85641026,7401,453,Low
425,86.52345679,7401,453,LowA
426,70.40053763,7401,453,Meduim
427,67.74412533,7401,453,Meduim
428,77.81047382,7401,453,Meduim
429,67.27323944,7401,453,Meduim
430,53.93693694,7401,453,Low
431,47.44193548,7401,453,Low
432,47.3768546,7401,453,Low
433,63.36940299,18952,470,Low
434,65.46488294,18952,470,Low
435,66.04620462,18952,470,Low
436,61.73548387,18952,470,Low
437,64.04516129,18952,470,Low
438,61.89408100000001,18952,470,Low
439,66.29283489,18952,470,Low
440,80.65652174,18952,470,LowA
441,84.65531915,18952,470,LowA
442,82.15824176,18952,470,LowA
443,91.80281690000001,18952,470,LowA
444,94.75714286,18952,470,LowA
445,98.05357143,18952,470,LowA
446,72.45244957,18952,470,Low
447,69.41353383,18952,470,Low
448,85.89620758,18952,470,LowA
449,77.34474328,18952,470,Low
450,69.03064067,18952,470,Low
451,81.29353234,18952,470,LowA
452,96.44503546,18952,470,LowA
453,81.09937888,18952,470,LowA
454,69.09281437,18952,470,Low
455,69.23809524,18952,470,Low
456,67.60990712,18952,470,Low
457,69.52071006,10114,535,Low
458,64.37861272,10114,535,Low
459,66.33231707,10114,535,Low
460,65.54005935,10114,535,Low
461,64.0797546,10114,535,Low
462,61.34023669,10114,535,Low
463,62.63428571,10114,535,Low
464,79.08915663,10114,535,LowA
465,84.70883534,10114,535,LowA
466,77.38148984,10114,535,Low
467,73.85784314,10114,535,Low
468,73.19369369,10114,535,Low
469,77.36585366,10114,535,Low
470,72.97601918,10114,535,Low
471,83.26851852,10114,535,LowA
472,73.73246753,10114,535,Low
473,73.3562341,10114,535,Low
474,72.18139535,10114,535,Low
475,88.35814889,10114,535,LowA
476,80.67811159,10114,535,LowA
477,92.68034557,10114,535,LowA
478,89.87920792,10114,535,LowA
479,73.18481013,10114,535,Low
480,70.71590909,10114,535,Low
481,60.07739938,11306,451,Low
482,60.10591899999999,11306,451,Low
483,62.80519481,11306,451,Low
484,60.73754153,11306,451,Low
485,60.46229508,11306,451,Low
486,58.48888889,11306,451,Low
487,68.73804100000001,11306,451,Low
488,72.70045045,11306,451,Low
489,62.79459459,11306,451,Low
490,62.36982249,11306,451,Low
491,62.29891304,11306,451,Low
492,60.9729064,11306,451,Low
493,63.45081967,11306,451,Low
494,64.15789474,11306,451,Low
495,63.17914439,11306,451,Low
496,61.73638968,11306,451,Low
497,111.29173840000001,11306,451,LowA
498,81.06117647,11306,451,LowA
499,78.01622718,11306,451,Low
500,70.34663342,11306,451,Low
501,69.04488778,11306,451,Low
502,70.27707809,11306,451,Low
503,62.17101449,11306,451,Low
504,60.21676301,11306,451,Low
505,93.38513514,9910,63,High
506,83.89244851,9910,63,High
507,78.96833773,9910,63,High
508,80.96875,9910,63,High
509,82.50292398,9910,63,High
510,97.13856813,9910,63,High
511,91.33114035,9910,63,High
512,79.42118227,9910,63,High
513,89.83916084,9910,63,High
514,78.4676259,9910,63,High
515,94.20096852,9910,63,High
516,89.98102981,9910,63,High
517,96.42889391,9910,63,High
518,94.88546256,9910,63,High
519,87.11611374,9910,63,High
520,75.01036269,9910,63,High
521,63.57062147,9910,63,High
522,68.10410095,12010,354,Low
523,63.95017794,12010,354,Low
524,65.60150376,12010,354,Low
525,65.14900662,12010,354,Low
526,62.37920489,12010,354,Low
527,60.70863309,12010,354,Low
528,127.6795291,12010,354,LowA
529,89.22413793,12010,354,LowA
530,76.72027972,12010,354,Low
531,82.38559322,12010,354,LowA
532,75.03755869,12010,354,Low
533,85.10416667,12010,354,LowA
534,74.41926346,12010,354,Low
535,68.06340058,12010,354,Low
536,77.33415842,12010,354,Low
537,72.54626866,12010,354,Low
538,75.64871795,12010,354,Low
539,72.63366337,12010,354,Low
540,76.64114833,12010,354,Low
541,71.20418848,12010,354,Low
542,71.5245478,12010,354,Low
543,68.51231527,12010,354,Low
544,78.59929078,12010,354,Low
545,68.89777778,12010,354,Low
546,93.46405229,12084,69,High
547,108.9761905,12084,69,High
548,108.4686869,12084,69,High
549,96.62467192,12084,69,High
550,81.41207349,12084,69,High
551,84.52646240000001,12084,69,High
552,75.68820225,12084,69,High
553,62.24035608,12084,69,High
554,84.96073298,12084,69,High
555,89.83116883,12084,69,High
556,86.16883117,12084,69,High
557,82.48474576,12084,69,High
558,76.20113314,12084,69,High
559,70.47008547,12084,69,High
560,72.30662983,12084,69,High
561,78.31818182,12084,69,High
562,69.95355191,2332,413,Meduim
563,97.33125,2332,413,Meduim
564,73.76237624,2332,413,Meduim
565,78.03188406,2332,413,Meduim
566,67.17405063,2332,413,Meduim
567,66.86330935,2332,413,Meduim
568,59.92378049,2332,413,Meduim
569,61.88235294,2332,413,Meduim
570,62.18128655,2332,413,Meduim
571,62.98086124,2332,413,Meduim
572,71.2776204,2332,413,Meduim
573,69.48974359,2332,413,Meduim
574,72.04050633,2332,413,Meduim
575,70.34224599,2332,413,Meduim
576,73.49871465,2332,413,Meduim
577,71.21065375,2332,413,Meduim
578,61.43351064,2332,413,Meduim
579,66.48346056,2332,413,Meduim
580,67.12359551,2332,413,Meduim
581,71.59602649,2332,413,Meduim
582,69.20123839,2332,413,Meduim
583,70.96130952,2332,413,Meduim
584,70.85602094,2332,413,Meduim
585,76.0368272,2332,413,Meduim
586,72.91253644,11107,462,Low
587,74.27826087,11107,462,Low
588,65.98382749,11107,462,Low
589,67.10818713,11107,462,Low
590,67.36811594,11107,462,Low
591,63.12941176,11107,462,Low
592,64.08591065,11107,462,Low
593,96.48101266,11107,462,LowA
594,78.83185841,11107,462,Low
595,70.42821782,11107,462,Low
596,68.57983193,11107,462,Low
597,68.64054054,11107,462,Low
598,67.93861893,11107,462,Low
599,77.31621622,11107,462,Low
600,72.04120879,11107,462,Low
601,73.15662651,11107,462,Low
602,68.93384224,11107,462,Low
603,67.60891089,11107,462,Low
604,88.81467181,11107,462,LowA
605,90.28747433,11107,462,LowA
606,76.1025,11107,462,Low
607,78.61519608,11107,462,Low
608,73.89393939,11107,462,Low
609,83.95311496,7476,256,High
610,78.81818182,7476,256,High
611,82.66115702,7476,256,High
612,65.29489051,7476,256,Low
613,70.18836045,7476,256,Low
614,68.93449519,7476,256,Low
615,67.38765929,7476,256,Low
616,78.82848101,7476,256,High
617,74.28691983,7476,256,High
618,74.133292,7476,256,High
619,76.88650307,7476,256,High
620,78.0996264,7476,256,High
621,79.8748503,7476,256,High
622,86.82016349,7476,256,High
623,89.42307692,7476,256,High
624,100.097541,7476,256,High
625,88.17822521,7476,256,High
626,93.83228643,7476,256,High
627,93.77319588,7476,256,High
628,89.3170068,7476,256,High
629,98.26049869,7476,256,High
630,96.34515689,7476,256,High
631,96.59670165,7476,256,High
632,54.54512635,12252,392,Low
633,56.80456026,12252,392,Low
634,58.43260188,12252,392,Low
635,59.00323625,12252,392,Low
636,56.44554455,12252,392,Low
637,58.96989967,12252,392,Low
638,69.58231707,12252,392,Low
639,75.15367483,12252,392,Low
640,64.34876543,12252,392,Low
641,63.90461538,12252,392,Low
642,63.63486842,12252,392,Low
643,63.6910828,12252,392,Low
644,65.49431818,12252,392,Low
645,68.19095477,12252,392,Low
646,62.82461538,12252,392,Low
647,63.52173913,12252,392,Low
648,68.82513661,12252,392,Low
649,83.80293501,12252,392,LowA
650,77.10025063,12252,392,Low
651,69.26519337,12252,392,Low
652,68.09295775,12252,392,Low
653,71.71593533,12252,392,Low
654,68.57701711,12252,392,Low
655,56.75796178,12252,392,Low
656,47.93831169,11080,380,Low
657,49.11455108,11080,380,Low
658,49.63444109,11080,380,Low
659,45.61858974,11080,380,Low
660,45.32298137,11080,380,Low
661,61.61826698,11080,380,Low
662,103.5782881,11080,380,LowA
663,70.65,11080,380,Low
664,87.54656863,11080,380,LowA
665,68.63307494,11080,380,Low
666,60.69369369,11080,380,Low
667,76.35696822,11080,380,Low
668,61.18803419,11080,380,Low
669,63.06970509,11080,380,Low
670,88.06609018,11080,380,LowA
671,73.17577197,11080,380,Low
672,68.91954023,11080,380,Low
673,72.59850374,11080,380,Low
674,78.90957447,11080,380,Low
675,84.05072464,11080,380,LowA
676,74.98214286,11080,380,Low
677,61.24719101,11080,380,Low
678,59.03313253,11080,380,Low
679,52.12852665,11080,380,Low
680,71.20771513,12409,458,Low
681,76.42296073,12409,458,Low
682,69.53501401,12409,458,Low
683,67.16964286,12409,458,Low
684,66.57894737,12409,458,Low
685,66.68465909,12409,458,Low
686,67.12391931,12409,458,Low
687,77.61139896,12409,458,Low
688,81.20892019,12409,458,LowA
689,92.04210526,12409,458,LowA
690,90.96739129999999,12409,458,LowA
691,96.4,12409,458,LowA
692,90.80410023,12409,458,LowA
693,97.06794055,12409,458,LowA
694,97.32505176,12409,458,LowA
695,95.75581395,12409,458,LowA
696,82.34739454,12409,458,LowA
697,92.70091324,12409,458,LowA
698,90.67772512,12409,458,LowA
699,89.63419913,12409,458,LowA
700,85.69971671,12409,458,LowA
701,86.24489796,12409,458,LowA
702,96.25233645,12409,458,LowA
703,83.92458101,12409,458,LowA
704,99.52941176,11761,455,LowA
705,92.33855799,11761,455,LowA
706,86.99145299,11761,455,LowA
707,79.47507331,11761,455,LowA
708,75.67796609999999,11761,455,Low
709,74.04705882,11761,455,Low
710,76.02102102,11761,455,Low
711,74.94610778,11761,455,Low
712,90.34864865,11761,455,LowA
713,112.8976744,11761,455,LowA
714,107.51329790000001,11761,455,LowA
715,97.52671756,11761,455,LowA
716,103.662037,11761,455,LowA
717,106.05378970000001,11761,455,LowA
718,109.2392777,11761,455,LowA
719,107.4076577,11761,455,LowA
720,108.6334842,11761,455,LowA
721,112.8632075,11761,455,LowA
722,104.8272506,11761,455,LowA
723,104.75835479999999,11761,455,LowA
724,103.1450382,11761,455,LowA
725,101.10606059999999,11761,455,LowA
726,93.44797688,11761,455,LowA
727,89.82994924,11761,455,LowA
728,70.28508772,12480,538,Low
729,67.14772727,12480,538,Low
730,69.9375,12480,538,Low
731,71.07954545,12480,538,Low
732,61.69281046,12480,538,Low
733,62.8125,12480,538,Low
734,62.86909091,12480,538,Low
735,65.26415094,12480,538,Low
736,67.18487395,12480,538,Low
737,83.73059361,12480,538,LowA
738,92.8089172,12480,538,LowA
739,94.03431373,12480,538,LowA
740,114.090824,12480,538,LowA
741,76.40857143,12480,538,Low
742,68.86647727,12480,538,Low
743,81.72790698,12480,538,LowA
744,78.86563877,12480,538,LowA
745,77.53271028,12480,538,Low
746,78.03282828,12480,538,LowA
747,88.15384615,12480,538,LowA
748,68.10309278,12480,538,Low
749,68.36141304,12480,538,Low
750,66.76854599,12480,538,Low
751,81.35501355,2121,462,Meduim
752,77.76265823,2121,462,Meduim
753,69.86956522,2121,462,Meduim
754,66.74,2121,462,Meduim
755,67.86461538,2121,462,Meduim
756,67.88650307,2121,462,Meduim
757,71.48093842,2121,462,Meduim
758,67.36778116,2121,462,Meduim
759,71.5339233,2121,462,Meduim
760,66.58092486,2121,462,Meduim
761,72.70588235,2121,462,Meduim
762,83.19294118,2121,462,Meduim
763,77.18559557,2121,462,Meduim
764,75.98143236,2121,462,Meduim
765,76.02666667,2121,462,Meduim
766,77.49081365,2121,462,Meduim
767,74.06633907,2121,462,Meduim
768,90.68286445,2121,462,Meduim
769,92.34663342,2121,462,Meduim
770,90.26179245,2121,462,Meduim
771,89.77260274,2121,462,Meduim
772,75.0625,2121,462,Meduim
773,71.36585366,2121,462,Meduim
774,81.4622093,2121,462,Meduim
775,57.06666667,15444,405,Low
776,57.91582492,15444,405,Low
777,56.24683544,15444,405,Low
778,57.55033557,15444,405,Low
779,55.9579288,15444,405,Low
780,56.77181208,15444,405,Low
781,67.0,15444,405,Low
782,72.76309795,15444,405,Low
783,68.02132701,15444,405,Low
784,63.98016997,15444,405,Low
785,61.99483204,15444,405,Low
786,62.38095238,15444,405,Low
787,66.39860139999999,15444,405,Low
788,103.3860435,15444,405,LowA
789,74.65526676,15444,405,Low
790,72.89784946,15444,405,Low
791,79.92407809,15444,405,LowA
792,68.77142857,15444,405,Low
793,66.47928994,15444,405,Low
794,72.33846154,15444,405,Low
795,75.89277899,15444,405,Low
796,74.14495798,15444,405,Low
797,72.21012658,15444,405,Low
798,65.21558442,15444,405,Low
799,52.47447447,4499,450,Meduim
800,51.75079872,4499,450,Meduim
801,51.80333333,4499,450,Meduim
802,53.94,4499,450,Meduim
803,47.10703364,4499,450,Meduim
804,48.56069364,4499,450,Meduim
805,101.4191781,4499,450,LowA
806,71.32722513,4499,450,Meduim
807,62.140804599999996,4499,450,Meduim
808,56.75277778,4499,450,Meduim
809,54.64469914,4499,450,Meduim
810,54.45930233,4499,450,Meduim
811,52.6686217,4499,450,Meduim
812,53.67597765,4499,450,Meduim
813,63.59020619,4499,450,Meduim
814,68.31413613,4499,450,Meduim
815,69.58536585,4499,450,Meduim
816,69.03953488,4499,450,Meduim
817,65.79240506,4499,450,Meduim
818,59.91922006,4499,450,Meduim
819,71.81364829,4499,450,Meduim
820,56.00903614,4499,450,Meduim
821,49.725,4499,450,Meduim
822,52.49560117,4499,450,Meduim
823,74.11173184,4853,617,Meduim
824,76.7523511,4853,617,Meduim
825,70.27272727,4853,617,Meduim
826,68.56936416,4853,617,Meduim
827,68.36285714,4853,617,Meduim
828,65.31666667,4853,617,Meduim
829,63.39143731,4853,617,Meduim
830,63.52321981,4853,617,Meduim
831,74.50531915,4853,617,Meduim
832,90.07424594,4853,617,Meduim
833,76.81894150000001,4853,617,Meduim
834,93.5675,4853,617,LowA
835,91.24941176,4853,617,Meduim
836,86.44584383,4853,617,Meduim
837,96.47083333,4853,617,LowA
838,105.7272727,4853,617,LowA
839,68.32119205,13417,422,Low
840,72.22327044,13417,422,Low
841,65.92079208,13417,422,Low
842,67.33762058,13417,422,Low
843,65.62700965,13417,422,Low
844,63.02666667,13417,422,Low
845,66.43564356,13417,422,Low
846,79.49880668,13417,422,LowA
847,125.9466271,13417,422,LowA
848,100.40429040000001,13417,422,LowA
849,86.83098592,13417,422,LowA
850,81.36274509999998,13417,422,LowA
851,75.10326087,13417,422,Low
852,74.81894150000001,13417,422,Low
853,74.30958904,13417,422,Low
854,70.31372549,13417,422,Low
855,92.75501114,13417,422,LowA
856,94.84343434,13417,422,LowA
857,90.85411765,13417,422,LowA
858,84.9020979,13417,422,LowA
859,69.59042553,13417,422,Low
860,70.29936306,13417,422,Low
861,66.34195402,13417,422,Low
862,66.83040936,13417,422,Low
863,90.04979253,14100,65,High
864,81.81772152,14100,65,High
865,107.0208768,14100,65,High
866,111.01284799999999,14100,65,High
867,108.18235290000001,14100,65,High
868,93.02806122,14100,65,High
869,76.90265487,14100,65,High
870,77.30690537,14100,65,High
871,92.28672986,14100,65,High
872,88.96347032,14100,65,High
873,80.06878307,14100,65,High
874,78.0315534,14100,65,High
875,77.74814815,14100,65,High
876,76.50439883,14100,65,High
877,69.73816156,14100,65,High
878,68.61386139,14100,65,High
879,85.82124352,1291,474,Meduim
880,88.23036649,1291,474,Meduim
881,77.07643312,1291,474,Meduim
882,79.17777778,1291,474,Meduim
883,75.91930836,1291,474,Meduim
884,74.18296529999999,1291,474,Meduim
885,71.32307692,1291,474,Meduim
886,68.07803468,1291,474,Meduim
887,70.70180723,1291,474,Meduim
888,65.3639576,1291,474,Meduim
889,72.43895349,1291,474,Meduim
890,78.24797844,1291,474,Meduim
891,85.10187668,1291,474,Meduim
892,78.83379501,1291,474,Meduim
893,78.67191601,1291,474,Meduim
894,79.77453581,1291,474,Meduim
895,73.43069307,1291,474,Meduim
896,85.5984252,1291,474,Meduim
897,88.19230769,1291,474,Meduim
898,76.36024845,10209,480,Low
899,73.72700297,10209,480,Low
900,68.4132948,10209,480,Low
901,70.30746269,10209,480,Low
902,67.27976190000001,10209,480,Low
903,63.98245614,10209,480,Low
904,64.88581315,10209,480,Low
905,83.6744186,10209,480,LowA
906,86.06581741,10209,480,LowA
907,75.51168224,10209,480,Low
908,71.98800959,10209,480,Low
909,69.24817518,10209,480,Low
910,71.55693069,10209,480,Low
911,80.69484536,10209,480,LowA
912,72.83689840000001,10209,480,Low
913,77.88321168,10209,480,Low
914,76.88497653,10209,480,Low
915,65.38520408,10209,480,Low
916,82.8785872,10209,480,LowA
917,81.49220490000002,10209,480,LowA
918,84.60048426,10209,480,LowA
919,91.26229508,10209,480,LowA
920,73.02791878,10209,480,Low
921,75.34375,10209,480,Low
922,62.68670886,9938,422,Low
923,61.9015873,9938,422,Low
924,60.03039514,9938,422,Low
925,59.38408304,9938,422,Low
926,57.6625387,9938,422,Low
927,57.47540984,9938,422,Low
928,63.84076433,9938,422,Low
929,67.62464986,9938,422,Low
930,76.34128878,9938,422,Low
931,63.21813031,9938,422,Low
932,62.93406593,9938,422,Low
933,70.28412256,9938,422,Low
934,62.10026385,9938,422,Low
935,62.72193878,9938,422,Low
936,63.52798054,9938,422,Low
937,60.35170604,9938,422,Low
938,104.51180440000002,9938,422,LowA
939,75.98444444,9938,422,Low
940,71.01173709,9938,422,Low
941,69.68421053,9938,422,Low
942,64.03412073,9938,422,Low
943,63.95426829,9938,422,Low
944,61.36445783,9938,422,Low
945,65.82692308,9938,422,Low
946,50.36728395,4363,468,Meduim
947,51.11036789,4363,468,Meduim
948,52.19195046,4363,468,Meduim
949,52.13175676,4363,468,Meduim
950,54.96126761,4363,468,Meduim
951,53.97021277,4363,468,Meduim
952,55.37931034,4363,468,Meduim
953,59.81481481,4363,468,Meduim
954,58.42898551,4363,468,Meduim
955,76.35891089,4363,468,Meduim
956,66.07629428,4363,468,Meduim
957,55.76785714,4363,468,Meduim
958,50.16938111,4363,468,Meduim
959,51.22492401,4363,468,Meduim
960,65.09642857,14400,423,Low
961,64.54255319,14400,423,Low
962,69.13355049,14400,423,Low
963,67.00638978,14400,423,Low
964,66.85245902,14400,423,Low
965,62.96742671,14400,423,Low
966,66.78899083,14400,423,Low
967,71.12094395,14400,423,Low
968,76.78296703,14400,423,Low
969,79.11053985,14400,423,LowA
970,100.2030948,14400,423,LowA
971,98.48519362,14400,423,LowA
972,89.82075472,14400,423,LowA
973,91.44608567,14400,423,LowA
974,75.57622739,14400,423,Low
975,69.33783784,14400,423,Low
976,72.03631285,14400,423,Low
977,102.59477120000001,14400,423,LowA
978,79.27872861,14400,423,LowA
979,75.72894737,14400,423,Low
980,79.0872818,14400,423,LowA
981,84.26899384,14400,423,LowA
982,83.21634615,14400,423,LowA
983,72.98575499,14400,423,Low
984,80.94822006,10078,562,LowA
985,73.77710843,10078,562,Low
986,71.31137725,10078,562,Low
987,71.63112392,10078,562,Low
988,71.0,10078,562,Low
989,66.44649446,10078,562,Low
990,66.92384106,10078,562,Low
991,65.95043732,10078,562,Low
992,65.49130435,10078,562,Low
993,80.52195122,10078,562,LowA
994,87.33544304,10078,562,LowA
995,84.94172494,10078,562,LowA
996,75.8199446,10078,562,Low
997,85.26618705,10078,562,LowA
998,90.36842105,10078,562,LowA
999,93.97037037,10078,562,LowA
1000,86.51295337,10078,562,LowA
1001,82.74615385,10078,562,LowA
1002,82.83823529,10078,562,LowA
1003,87.01202405,10078,562,LowA
1004,95.80962801,10078,562,LowA
1005,83.28329298,10078,562,LowA
1006,73.3511236,10078,562,Low
1007,73.40361446,10078,562,Low
1008,62.94594595,5594,621,Meduim
1009,60.22147651,5594,621,Meduim
1010,58.676328500000004,5594,621,Meduim
1011,60.73897059,5594,621,Meduim
1012,61.68646865,5594,621,Meduim
1013,61.47389558,5594,621,Meduim
1014,60.26356589,5594,621,Meduim
1015,58.21556886,5594,621,Meduim
1016,58.12580645,5594,621,Meduim
1017,59.67192429,5594,621,Meduim
1018,58.99346405,5594,621,Meduim
1019,70.98979592,5594,621,Meduim
1020,67.58566978,5594,621,Meduim
1021,64.65970149,5594,621,Meduim
1022,66.25418994,5594,621,Meduim
1023,70.17553191,5594,621,Meduim
1024,74.18776371,5594,621,Meduim
1025,66.81866667,5594,621,Meduim
1026,64.36636637,5594,621,Meduim
1027,62.94202899,5594,621,Meduim
1028,62.96978852,5594,621,Meduim
1029,66.05476189999999,5594,621,Meduim
1030,57.47400612,5594,621,Meduim
1031,58.97777778,5594,621,Meduim
1032,51.50628931,9776,366,Low
1033,53.63253012,9776,366,Low
1034,49.45253165,9776,366,Low
1035,48.22256098,9776,366,Low
1036,47.39009288,9776,366,Low
1037,43.75079872,9776,366,Low
1038,74.93364929,9776,366,Low
1039,56.82729805,9776,366,Low
1040,72.24427481,9776,366,Low
1041,62.47899159999999,9776,366,Low
1042,76.11401425,9776,366,Low
1043,65.01767677,9776,366,Low
1044,61.67594937,9776,366,Low
1045,67.41952507,9776,366,Low
1046,55.89743589999999,9776,366,Low
1047,61.1890411,9776,366,Low
1048,67.13417722,9776,366,Low
1049,69.47461929,9776,366,Low
1050,74.75572519,9776,366,Low
1051,86.33441558,9776,366,LowA
1052,79.06617647,9776,366,Low
1053,56.23188406,9776,366,Low
1054,56.03899721,9776,366,Low
1055,47.06333333,9776,366,Low
1056,79.40882353,10148,421,Low
1057,79.18926554,10148,421,Low
1058,73.48307692,10148,421,Low
1059,69.30935252,10148,421,Low
1060,70.78153846,10148,421,Low
1061,68.84693878,10148,421,Low
1062,67.24477612,10148,421,Low
1063,67.375,10148,421,Low
1064,74.87390029,10148,421,Low
1065,99.61521253,10148,421,LowA
1066,93.15545244,10148,421,LowA
1067,82.81550802,10148,421,LowA
1068,91.17241379,10148,421,LowA
1069,111.1590909,10148,421,LowA
1070,87.31770833,10148,421,LowA
1071,78.56951872,10148,421,Low
1072,93.73,10148,421,LowA
1073,80.14025974,10148,421,LowA
1074,89.52669903,10148,421,LowA
1075,77.19942197,10148,421,Low
1076,87.91545894,10148,421,LowA
1077,67.79341317,10148,421,Low
1078,68.41214058,10148,421,Low
1079,70.11044776,10148,421,Low
1080,66.97368421,10001,515,Low
1081,63.40412979,10001,515,Low
1082,60.96848138,10001,515,Low
1083,62.64431487,10001,515,Low
1084,62.84463277,10001,515,Low
1085,63.66184971,10001,515,Low
1086,69.45292621,10001,515,Low
1087,92.16420664,10001,515,LowA
1088,76.47073171,10001,515,Low
1089,75.60416667,10001,515,Low
1090,74.71194379,10001,515,Low
1091,70.86632391,10001,515,Low
1092,68.62760417,10001,515,Low
1093,69.63143631,10001,515,Low
1094,73.26612903,10001,515,Low
1095,77.22572178,10001,515,Low
1096,72.11842105,10001,515,Low
1097,68.32183908,10001,515,Low
1098,95.56550218,10001,515,LowA
1099,73.84293194,10001,515,Low
1100,74.07371007,10001,515,Low
1101,70.65333333,10001,515,Low
1102,59.60797342,11906,445,Low
1103,59.50177936,11906,445,Low
1104,63.59722222,11906,445,Low
1105,61.08108108,11906,445,Low
1106,59.96825397,11906,445,Low
1107,59.63636364,11906,445,Low
1108,73.81216931,11906,445,Low
1109,72.25240385,11906,445,Low
1110,62.36111111,11906,445,Low
1111,59.63172043,11906,445,Low
1112,60.99731183,11906,445,Low
1113,60.09973046,11906,445,Low
1114,59.30513595,11906,445,Low
1115,61.8511236,11906,445,Low
1116,77.56849315,11906,445,Low
1117,103.1337967,11906,445,LowA
1118,66.5545977,11906,445,Low
1119,84.41163793,11906,445,LowA
1120,71.80299252,11906,445,Low
1121,66.20923913,11906,445,Low
1122,68.26568266,11906,445,Low
1123,70.84057971,11906,445,Low
1124,60.38993711,11906,445,Low
1125,58.82580645,11906,445,Low
1126,50.58982036,2862,425,Meduim
1127,53.80996885,2862,425,Meduim
1128,52.0,2862,425,Meduim
1129,47.63957597,2862,425,Meduim
1130,46.79375,2862,425,Meduim
1131,48.05172414,2862,425,Meduim
1132,99.32415254,2862,425,LowA
1133,68.45263158,2862,425,Meduim
1134,67.90726817,2862,425,Meduim
1135,83.54881266,2862,425,Meduim
1136,71.91089109,2862,425,Meduim
1137,63.38636364,12362,412,Low
1138,67.0228013,12362,412,Low
1139,66.41090909,12362,412,Low
1140,65.69435216,12362,412,Low
1141,65.06070288,12362,412,Low
1142,64.07667732,12362,412,Low
1143,64.53254438,12362,412,Low
1144,78.35839599,12362,412,Low
1145,68.91142857,12362,412,Low
1146,80.99022005,12362,412,LowA
1147,99.21786492,12362,412,LowA
1148,119.7188065,12362,412,LowA
1149,79.92436975,12362,412,LowA
1150,70.07440476,12362,412,Low
1151,73.67819149,12362,412,Low
1152,89.21428571,12362,412,LowA
1153,88.79054054,12362,412,LowA
1154,80.96503497,12362,412,LowA
1155,83.91169451,12362,412,LowA
1156,81.73705179,12362,412,LowA
1157,67.64324324,12362,412,Low
1158,66.36392405,12362,412,Low
1159,70.71703297,12362,412,Low
1160,75.09510870000001,12362,412,Low
1161,65.94080505,8,540,Meduim
1162,63.40229226,8,540,Meduim
1163,59.93888889,8,540,Meduim
1164,61.31470231,8,540,Meduim
1165,60.85658915,8,540,Meduim
1166,59.23876923,8,540,Meduim
1167,70.23266078,8,540,Meduim
1168,78.31062124,8,540,Meduim
1169,84.0212061,8,540,Meduim
1170,87.96610169,8,540,Meduim
1171,88.0943662,8,540,Meduim
1172,86.15145368,8,540,Meduim
1173,96.43029491,8,540,Meduim
1174,97.40222686,8,540,Meduim
1175,91.13323884,8,540,Meduim
1176,97.09829620000001,8,540,Meduim
1177,98.68364611,8,540,Meduim
1178,98.70806242,8,540,Meduim
1179,89.58831809,8,540,Meduim
1180,101.3706667,8,540,Meduim
1181,100.33546329999999,8,540,Meduim
1182,90.17219478,8,540,Meduim
1183,93.05530973,8,540,Meduim
1184,70.0,8,540,Meduim
1185,57.62460568,3436,463,Meduim
1186,58.48355263,3436,463,Meduim
1187,59.99335548,3436,463,Meduim
1188,58.40202703,3436,463,Meduim
1189,57.37060703,3436,463,Meduim
1190,56.90322581,3436,463,Meduim
1191,68.05555556,3436,463,Meduim
1192,74.12676056,3436,463,Meduim
1193,72.49708738,3436,463,Meduim
1194,64.41011236,3436,463,Meduim
1195,60.06508876,3436,463,Meduim
1196,59.76093294,3436,463,Meduim
1197,63.41854637,3436,463,Meduim
1198,65.48257373,3436,463,Meduim
1199,61.21818182,3436,463,Meduim
1200,60.73015873,3436,463,Meduim
1201,73.21634615,3436,463,Meduim
1202,71.51463415,3436,463,Meduim
1203,65.66911765,3436,463,Meduim
1204,65.88040712,3436,463,Meduim
1205,65.08883249,3436,463,Meduim
1206,64.45430809,3436,463,Meduim
1207,64.90607735,3436,463,Meduim
1208,65.41876429999999,3436,463,Meduim
1209,72.97468354,5893,386,Meduim
1210,71.08064516,5893,386,Meduim
1211,70.05177994,5893,386,Meduim
1212,67.90789474,5893,386,Meduim
1213,64.00325733,5893,386,Meduim
1214,66.56466877,5893,386,Meduim
1215,68.02121212,5893,386,Meduim
1216,77.72463768,5893,386,Meduim
1217,74.09189189,5893,386,Meduim
1218,106.4020716,5893,386,LowA
1219,121.6392765,5893,386,LowA
1220,81.99492386,5893,386,Meduim
1221,75.18684211,5893,386,Meduim
1222,75.47293447,5893,386,Meduim
1223,75.64,5893,386,Meduim
1224,76.11764706,5893,386,Meduim
1225,78.15831135,5893,386,Meduim
1226,83.96992481,5893,386,Meduim
1227,91.82835821,5893,386,LowA
1228,94.68778281,5893,386,LowA
1229,100.0,5893,386,LowA
1230,74.67346939,5893,386,Meduim
1231,80.04371585,5893,386,Meduim
1232,70.0,20,492,Meduim
1233,70.0,20,492,Meduim
1234,65.0661157,20,492,Meduim
1235,58.88924051,20,492,Meduim
1236,60.66774194,20,492,Meduim
1237,59.20426829,20,492,Meduim
1238,58.40307692,20,492,Meduim
1239,58.32448378,20,492,Meduim
1240,58.97337278,20,492,Meduim
1241,57.96996997,20,492,Meduim
1242,70.76666667,20,492,Meduim
1243,66.01923077,20,492,Meduim
1244,83.78100264,20,492,Meduim
1245,78.69820972,20,492,Meduim
1246,75.86350975,20,492,Meduim
1247,77.53994490000001,20,492,Meduim
1248,69.95402299,20,492,Meduim
1249,71.17307692,20,492,Meduim
1250,86.72468354,20,492,Meduim
1251,81.77225673,20,492,Meduim
1252,67.0,20,492,Meduim
1253,62.18055556,20,492,Meduim
1254,66.54907162,20,492,Meduim
1255,70.21105528,20,492,Meduim
